{"SFXvolume":0.7000299692153931,"Musicvolume":0.9000099897384644,"quality":1}