{"SFXvolume":0.8000199794769287,"Musicvolume":0.7000299692153931,"quality":0}